set, fraction_valid, fraction_valid_pt, fraction_pt, run_time, avg_n_nodes, avg_n_edges, fraction_unique, atom_type_hist, formal_charge_hist, numh_hist, chirality_hist, n_nodes_hist, n_edges_hist, edge_feature_hist
Training set, 1.000, NA, NA, NA, 36.503, 2.150, 0.000, [0.0, 0.74, 0.09, 0.13, 0.01, 0.0, 0.0, 0.02, 0.0, 0.0, 0.0, 0.0, 0.0, 0.0], [0.0, 1.0, 0.0], [0, 0, 0, 0], [1, 0, 0], [0.0, 0.0, 0.0, 0.0, 0.0, 0.0, 0.0, 0.0, 0.0, 0.0, 0.0, 0.0, 0.0, 0.0, 0.0, 0.01, 0.01, 0.01, 0.01, 0.02, 0.03, 0.03, 0.04, 0.03, 0.03, 0.04, 0.03, 0.03, 0.03, 0.03, 0.02, 0.02, 0.02, 0.02, 0.02, 0.02, 0.02, 0.02, 0.02, 0.02, 0.02, 0.03, 0.03, 0.02, 0.03, 0.04, 0.03, 0.03, 0.02, 0.03, 0.02, 0.01, 0.01, 0.01, 0.01, 0.01, 0.01, 0.01, 0.01, 0.0, 0.01, 0.0, 0.0, 0.0, 0.0, 0.0, 0.0, 0.0, 0.0, 0.0, 0.0, 0.0, 0.0, 0.0, 0.0, 0.0, 0.0, 0.0, 0.0, 0.0, 0.0, 0.0, 0.0, 0.0, 0.0, 0.0, 0.0, 0.0, 0.0, 0.0, 0.0, 0.0, 0.0, 0.0, 0.0, 0.0, 0.0, 0.0, 0.0, 0.0, 0.0, 0.0, 0.0, 0.0, 0.0, 0.0, 0.0, 0.0, 0.0, 0.0, 0.0, 0.0, 0.0, 0.0, 0.0, 0.0, 0.0, 0.0, 0.0, 0.0, 0.0, 0.0, 0.0, 0.0, 0.0, 0.0, 0.0, 0.0, 0.0, 0.0, 0.0, 0.0, 0.0, 0.0, 0.0, 0.0, 0.0, 0.0, 0.0, 0.0, 0.0, 0.0, 0.0, 0.0, 0.0, 0.0, 0.0, 0.0, 0.0, 0.0, 0.0, 0.0, 0.0], [0.2, 0.48, 0.31, 0.02, 0.0, 0.0, 0.0, 0.0, 0.0, 0.0], [0.73, 0.27, 0.0]
Epoch 5, 0.484, 0.23358, 0.137, 10736.1, 14.654, 2.062, 0.869, [0.0, 0.74, 0.1, 0.13, 0.01, 0.0, 0.0, 0.02, 0.0, 0.0, 0.0, 0.0, 0.0, 0.0], [0.0, 0.99, 0.0], [0, 0, 0, 0], [1, 0, 0], [0.02, 0.02, 0.04, 0.01, 0.02, 0.03, 0.05, 0.06, 0.05, 0.05, 0.04, 0.03, 0.04, 0.03, 0.02, 0.03, 0.04, 0.03, 0.04, 0.03, 0.03, 0.04, 0.04, 0.02, 0.04, 0.04, 0.03, 0.03, 0.03, 0.02, 0.02, 0.01, 0.0, 0.0, 0.0, 0.0, 0.0, 0.0, 0.0, 0.0, 0.0, 0.0, 0.0, 0.0, 0.0, 0.0, 0.0, 0.0, 0.0, 0.0, 0.0, 0.0, 0.0, 0.0, 0.0, 0.0, 0.0, 0.0, 0.0, 0.0, 0.0, 0.0, 0.0, 0.0, 0.0, 0.0, 0.0, 0.0, 0.0, 0.0, 0.0, 0.0, 0.0, 0.0, 0.0, 0.0, 0.0, 0.0, 0.0, 0.0, 0.0, 0.0, 0.0, 0.0, 0.0, 0.0, 0.0, 0.0, 0.0, 0.0, 0.0, 0.0, 0.0, 0.0, 0.0, 0.0, 0.0, 0.0, 0.0, 0.0, 0.0, 0.0, 0.0, 0.0, 0.0, 0.0, 0.0, 0.0, 0.0, 0.0, 0.0, 0.0, 0.0, 0.0, 0.0, 0.0, 0.0, 0.0, 0.0, 0.0, 0.0, 0.0, 0.0, 0.0, 0.0, 0.0, 0.0, 0.0, 0.0, 0.0, 0.0, 0.0, 0.0, 0.0, 0.0, 0.0, 0.0, 0.0, 0.0, 0.0, 0.0, 0.0, 0.0, 0.0, 0.0, 0.0, 0.0, 0.0, 0.0, 0.0, 0.0, 0.0, 0.0], [0.28, 0.43, 0.26, 0.03, 0.0, 0.0, 0.0, 0.0, 0.0, 0.0], [0.72, 0.28, 0.0]
Epoch 5, 0.491, 0.24806, 0.129, 10904.68, 14.563, 2.064, 0.881, [0.0, 0.73, 0.11, 0.13, 0.01, 0.0, 0.0, 0.02, 0.01, 0.0, 0.0, 0.0, 0.0, 0.0], [0.0, 0.99, 0.0], [0, 0, 0, 0], [1, 0, 0], [0.02, 0.02, 0.04, 0.02, 0.02, 0.02, 0.06, 0.05, 0.05, 0.04, 0.04, 0.04, 0.03, 0.04, 0.03, 0.03, 0.04, 0.04, 0.03, 0.03, 0.03, 0.04, 0.03, 0.04, 0.03, 0.04, 0.03, 0.02, 0.02, 0.02, 0.01, 0.01, 0.0, 0.0, 0.0, 0.0, 0.0, 0.0, 0.0, 0.0, 0.0, 0.0, 0.0, 0.0, 0.0, 0.0, 0.0, 0.0, 0.0, 0.0, 0.0, 0.0, 0.0, 0.0, 0.0, 0.0, 0.0, 0.0, 0.0, 0.0, 0.0, 0.0, 0.0, 0.0, 0.0, 0.0, 0.0, 0.0, 0.0, 0.0, 0.0, 0.0, 0.0, 0.0, 0.0, 0.0, 0.0, 0.0, 0.0, 0.0, 0.0, 0.0, 0.0, 0.0, 0.0, 0.0, 0.0, 0.0, 0.0, 0.0, 0.0, 0.0, 0.0, 0.0, 0.0, 0.0, 0.0, 0.0, 0.0, 0.0, 0.0, 0.0, 0.0, 0.0, 0.0, 0.0, 0.0, 0.0, 0.0, 0.0, 0.0, 0.0, 0.0, 0.0, 0.0, 0.0, 0.0, 0.0, 0.0, 0.0, 0.0, 0.0, 0.0, 0.0, 0.0, 0.0, 0.0, 0.0, 0.0, 0.0, 0.0, 0.0, 0.0, 0.0, 0.0, 0.0, 0.0, 0.0, 0.0, 0.0, 0.0, 0.0, 0.0, 0.0, 0.0, 0.0, 0.0, 0.0, 0.0, 0.0, 0.0, 0.0, 0.0], [0.27, 0.43, 0.26, 0.03, 0.0, 0.0, 0.0, 0.0, 0.0, 0.0], [0.72, 0.28, 0.0]
Epoch 5, 0.503, 0.20395, 0.152, 11079.44, 14.534, 2.070, 0.856, [0.0, 0.74, 0.1, 0.12, 0.01, 0.0, 0.0, 0.02, 0.01, 0.0, 0.0, 0.0, 0.0, 0.0], [0.0, 0.99, 0.0], [0, 0, 0, 0], [1, 0, 0], [0.02, 0.02, 0.04, 0.01, 0.02, 0.03, 0.05, 0.05, 0.06, 0.04, 0.03, 0.05, 0.04, 0.03, 0.03, 0.03, 0.03, 0.04, 0.03, 0.04, 0.03, 0.04, 0.03, 0.02, 0.04, 0.02, 0.03, 0.02, 0.03, 0.02, 0.02, 0.01, 0.0, 0.0, 0.0, 0.0, 0.0, 0.0, 0.0, 0.0, 0.0, 0.0, 0.0, 0.0, 0.0, 0.0, 0.0, 0.0, 0.0, 0.0, 0.0, 0.0, 0.0, 0.0, 0.0, 0.0, 0.0, 0.0, 0.0, 0.0, 0.0, 0.0, 0.0, 0.0, 0.0, 0.0, 0.0, 0.0, 0.0, 0.0, 0.0, 0.0, 0.0, 0.0, 0.0, 0.0, 0.0, 0.0, 0.0, 0.0, 0.0, 0.0, 0.0, 0.0, 0.0, 0.0, 0.0, 0.0, 0.0, 0.0, 0.0, 0.0, 0.0, 0.0, 0.0, 0.0, 0.0, 0.0, 0.0, 0.0, 0.0, 0.0, 0.0, 0.0, 0.0, 0.0, 0.0, 0.0, 0.0, 0.0, 0.0, 0.0, 0.0, 0.0, 0.0, 0.0, 0.0, 0.0, 0.0, 0.0, 0.0, 0.0, 0.0, 0.0, 0.0, 0.0, 0.0, 0.0, 0.0, 0.0, 0.0, 0.0, 0.0, 0.0, 0.0, 0.0, 0.0, 0.0, 0.0, 0.0, 0.0, 0.0, 0.0, 0.0, 0.0, 0.0, 0.0, 0.0, 0.0, 0.0, 0.0, 0.0, 0.0], [0.27, 0.44, 0.26, 0.03, 0.0, 0.0, 0.0, 0.0, 0.0, 0.0], [0.72, 0.28, 0.0]
Epoch 5, 0.488, 0.29008, 0.131, 11247.54, 13.883, 2.054, 0.866, [0.0, 0.73, 0.1, 0.13, 0.01, 0.0, 0.0, 0.02, 0.01, 0.0, 0.0, 0.0, 0.0, 0.0], [0.0, 0.99, 0.01], [0, 0, 0, 0], [1, 0, 0], [0.03, 0.02, 0.04, 0.02, 0.02, 0.03, 0.06, 0.06, 0.05, 0.04, 0.03, 0.04, 0.04, 0.04, 0.02, 0.03, 0.03, 0.03, 0.03, 0.03, 0.04, 0.04, 0.04, 0.04, 0.04, 0.04, 0.02, 0.01, 0.01, 0.01, 0.01, 0.0, 0.0, 0.0, 0.0, 0.0, 0.0, 0.0, 0.0, 0.0, 0.0, 0.0, 0.0, 0.0, 0.0, 0.0, 0.0, 0.0, 0.0, 0.0, 0.0, 0.0, 0.0, 0.0, 0.0, 0.0, 0.0, 0.0, 0.0, 0.0, 0.0, 0.0, 0.0, 0.0, 0.0, 0.0, 0.0, 0.0, 0.0, 0.0, 0.0, 0.0, 0.0, 0.0, 0.0, 0.0, 0.0, 0.0, 0.0, 0.0, 0.0, 0.0, 0.0, 0.0, 0.0, 0.0, 0.0, 0.0, 0.0, 0.0, 0.0, 0.0, 0.0, 0.0, 0.0, 0.0, 0.0, 0.0, 0.0, 0.0, 0.0, 0.0, 0.0, 0.0, 0.0, 0.0, 0.0, 0.0, 0.0, 0.0, 0.0, 0.0, 0.0, 0.0, 0.0, 0.0, 0.0, 0.0, 0.0, 0.0, 0.0, 0.0, 0.0, 0.0, 0.0, 0.0, 0.0, 0.0, 0.0, 0.0, 0.0, 0.0, 0.0, 0.0, 0.0, 0.0, 0.0, 0.0, 0.0, 0.0, 0.0, 0.0, 0.0, 0.0, 0.0, 0.0, 0.0, 0.0, 0.0, 0.0, 0.0, 0.0, 0.0], [0.28, 0.42, 0.26, 0.03, 0.0, 0.0, 0.0, 0.0, 0.0, 0.0], [0.71, 0.29, 0.0]
Epoch 5, 0.486, 0.19728, 0.147, 11421.88, 14.687, 2.068, 0.872, [0.0, 0.73, 0.1, 0.13, 0.01, 0.0, 0.0, 0.02, 0.01, 0.0, 0.0, 0.0, 0.0, 0.0], [0.0, 0.99, 0.0], [0, 0, 0, 0], [1, 0, 0], [0.03, 0.02, 0.04, 0.02, 0.03, 0.03, 0.04, 0.05, 0.05, 0.05, 0.04, 0.04, 0.04, 0.03, 0.03, 0.02, 0.03, 0.03, 0.05, 0.02, 0.02, 0.04, 0.04, 0.04, 0.03, 0.05, 0.02, 0.03, 0.02, 0.02, 0.01, 0.0, 0.01, 0.0, 0.0, 0.0, 0.0, 0.0, 0.0, 0.0, 0.0, 0.0, 0.0, 0.0, 0.0, 0.0, 0.0, 0.0, 0.0, 0.0, 0.0, 0.0, 0.0, 0.0, 0.0, 0.0, 0.0, 0.0, 0.0, 0.0, 0.0, 0.0, 0.0, 0.0, 0.0, 0.0, 0.0, 0.0, 0.0, 0.0, 0.0, 0.0, 0.0, 0.0, 0.0, 0.0, 0.0, 0.0, 0.0, 0.0, 0.0, 0.0, 0.0, 0.0, 0.0, 0.0, 0.0, 0.0, 0.0, 0.0, 0.0, 0.0, 0.0, 0.0, 0.0, 0.0, 0.0, 0.0, 0.0, 0.0, 0.0, 0.0, 0.0, 0.0, 0.0, 0.0, 0.0, 0.0, 0.0, 0.0, 0.0, 0.0, 0.0, 0.0, 0.0, 0.0, 0.0, 0.0, 0.0, 0.0, 0.0, 0.0, 0.0, 0.0, 0.0, 0.0, 0.0, 0.0, 0.0, 0.0, 0.0, 0.0, 0.0, 0.0, 0.0, 0.0, 0.0, 0.0, 0.0, 0.0, 0.0, 0.0, 0.0, 0.0, 0.0, 0.0, 0.0, 0.0, 0.0, 0.0, 0.0, 0.0, 0.0], [0.27, 0.43, 0.27, 0.03, 0.0, 0.0, 0.0, 0.0, 0.0, 0.0], [0.72, 0.28, 0.0]
Epoch 5, 0.493, 0.20139, 0.144, 11589.25, 14.185, 2.058, 0.879, [0.0, 0.73, 0.1, 0.13, 0.01, 0.0, 0.0, 0.03, 0.0, 0.0, 0.0, 0.0, 0.0, 0.0], [0.0, 0.99, 0.0], [0, 0, 0, 0], [1, 0, 0], [0.02, 0.02, 0.04, 0.02, 0.03, 0.03, 0.05, 0.04, 0.06, 0.05, 0.04, 0.05, 0.03, 0.03, 0.02, 0.02, 0.05, 0.03, 0.03, 0.03, 0.04, 0.02, 0.05, 0.02, 0.04, 0.03, 0.03, 0.03, 0.02, 0.03, 0.01, 0.01, 0.0, 0.0, 0.0, 0.0, 0.0, 0.0, 0.0, 0.0, 0.0, 0.0, 0.0, 0.0, 0.0, 0.0, 0.0, 0.0, 0.0, 0.0, 0.0, 0.0, 0.0, 0.0, 0.0, 0.0, 0.0, 0.0, 0.0, 0.0, 0.0, 0.0, 0.0, 0.0, 0.0, 0.0, 0.0, 0.0, 0.0, 0.0, 0.0, 0.0, 0.0, 0.0, 0.0, 0.0, 0.0, 0.0, 0.0, 0.0, 0.0, 0.0, 0.0, 0.0, 0.0, 0.0, 0.0, 0.0, 0.0, 0.0, 0.0, 0.0, 0.0, 0.0, 0.0, 0.0, 0.0, 0.0, 0.0, 0.0, 0.0, 0.0, 0.0, 0.0, 0.0, 0.0, 0.0, 0.0, 0.0, 0.0, 0.0, 0.0, 0.0, 0.0, 0.0, 0.0, 0.0, 0.0, 0.0, 0.0, 0.0, 0.0, 0.0, 0.0, 0.0, 0.0, 0.0, 0.0, 0.0, 0.0, 0.0, 0.0, 0.0, 0.0, 0.0, 0.0, 0.0, 0.0, 0.0, 0.0, 0.0, 0.0, 0.0, 0.0, 0.0, 0.0, 0.0, 0.0, 0.0, 0.0, 0.0, 0.0, 0.0], [0.27, 0.43, 0.26, 0.03, 0.0, 0.0, 0.0, 0.0, 0.0, 0.0], [0.72, 0.28, 0.0]
Epoch 5, 0.513, 0.21656, 0.157, 11763.19, 14.078, 2.066, 0.865, [0.0, 0.74, 0.1, 0.12, 0.01, 0.0, 0.0, 0.02, 0.0, 0.0, 0.0, 0.0, 0.0, 0.0], [0.0, 0.99, 0.0], [0, 0, 0, 0], [1, 0, 0], [0.03, 0.02, 0.04, 0.02, 0.03, 0.04, 0.06, 0.05, 0.05, 0.04, 0.04, 0.04, 0.02, 0.04, 0.03, 0.03, 0.03, 0.03, 0.03, 0.03, 0.04, 0.03, 0.02, 0.03, 0.03, 0.03, 0.02, 0.02, 0.02, 0.02, 0.02, 0.01, 0.0, 0.0, 0.0, 0.0, 0.0, 0.0, 0.0, 0.0, 0.0, 0.0, 0.0, 0.0, 0.0, 0.0, 0.0, 0.0, 0.0, 0.0, 0.0, 0.0, 0.0, 0.0, 0.0, 0.0, 0.0, 0.0, 0.0, 0.0, 0.0, 0.0, 0.0, 0.0, 0.0, 0.0, 0.0, 0.0, 0.0, 0.0, 0.0, 0.0, 0.0, 0.0, 0.0, 0.0, 0.0, 0.0, 0.0, 0.0, 0.0, 0.0, 0.0, 0.0, 0.0, 0.0, 0.0, 0.0, 0.0, 0.0, 0.0, 0.0, 0.0, 0.0, 0.0, 0.0, 0.0, 0.0, 0.0, 0.0, 0.0, 0.0, 0.0, 0.0, 0.0, 0.0, 0.0, 0.0, 0.0, 0.0, 0.0, 0.0, 0.0, 0.0, 0.0, 0.0, 0.0, 0.0, 0.0, 0.0, 0.0, 0.0, 0.0, 0.0, 0.0, 0.0, 0.0, 0.0, 0.0, 0.0, 0.0, 0.0, 0.0, 0.0, 0.0, 0.0, 0.0, 0.0, 0.0, 0.0, 0.0, 0.0, 0.0, 0.0, 0.0, 0.0, 0.0, 0.0, 0.0, 0.0, 0.0, 0.0, 0.0], [0.27, 0.43, 0.26, 0.03, 0.0, 0.0, 0.0, 0.0, 0.0, 0.0], [0.72, 0.28, 0.0]
Epoch 5, 0.475, 0.22876, 0.153, 11936.82, 14.659, 2.076, 0.882, [0.0, 0.73, 0.11, 0.12, 0.01, 0.0, 0.0, 0.02, 0.01, 0.0, 0.0, 0.0, 0.0, 0.0], [0.0, 0.99, 0.0], [0, 0, 0, 0], [1, 0, 0], [0.02, 0.02, 0.04, 0.01, 0.02, 0.03, 0.05, 0.06, 0.05, 0.05, 0.03, 0.04, 0.03, 0.04, 0.03, 0.02, 0.03, 0.04, 0.03, 0.02, 0.04, 0.03, 0.04, 0.03, 0.03, 0.04, 0.02, 0.02, 0.02, 0.02, 0.02, 0.02, 0.01, 0.0, 0.0, 0.0, 0.0, 0.0, 0.0, 0.0, 0.0, 0.0, 0.0, 0.0, 0.0, 0.0, 0.0, 0.0, 0.0, 0.0, 0.0, 0.0, 0.0, 0.0, 0.0, 0.0, 0.0, 0.0, 0.0, 0.0, 0.0, 0.0, 0.0, 0.0, 0.0, 0.0, 0.0, 0.0, 0.0, 0.0, 0.0, 0.0, 0.0, 0.0, 0.0, 0.0, 0.0, 0.0, 0.0, 0.0, 0.0, 0.0, 0.0, 0.0, 0.0, 0.0, 0.0, 0.0, 0.0, 0.0, 0.0, 0.0, 0.0, 0.0, 0.0, 0.0, 0.0, 0.0, 0.0, 0.0, 0.0, 0.0, 0.0, 0.0, 0.0, 0.0, 0.0, 0.0, 0.0, 0.0, 0.0, 0.0, 0.0, 0.0, 0.0, 0.0, 0.0, 0.0, 0.0, 0.0, 0.0, 0.0, 0.0, 0.0, 0.0, 0.0, 0.0, 0.0, 0.0, 0.0, 0.0, 0.0, 0.0, 0.0, 0.0, 0.0, 0.0, 0.0, 0.0, 0.0, 0.0, 0.0, 0.0, 0.0, 0.0, 0.0, 0.0, 0.0, 0.0, 0.0, 0.0, 0.0, 0.0], [0.26, 0.44, 0.26, 0.03, 0.0, 0.0, 0.0, 0.0, 0.0, 0.0], [0.72, 0.28, 0.0]
Epoch 5, 0.527, 0.27481, 0.131, 12100.41, 13.867, 2.058, 0.870, [0.0, 0.73, 0.1, 0.13, 0.01, 0.0, 0.0, 0.02, 0.01, 0.0, 0.0, 0.0, 0.0, 0.0], [0.01, 0.99, 0.0], [0, 0, 0, 0], [1, 0, 0], [0.02, 0.02, 0.03, 0.01, 0.02, 0.04, 0.06, 0.06, 0.05, 0.05, 0.05, 0.04, 0.04, 0.04, 0.03, 0.02, 0.03, 0.03, 0.03, 0.03, 0.02, 0.03, 0.03, 0.03, 0.04, 0.04, 0.03, 0.03, 0.02, 0.01, 0.0, 0.01, 0.0, 0.0, 0.0, 0.0, 0.0, 0.0, 0.0, 0.0, 0.0, 0.0, 0.0, 0.0, 0.0, 0.0, 0.0, 0.0, 0.0, 0.0, 0.0, 0.0, 0.0, 0.0, 0.0, 0.0, 0.0, 0.0, 0.0, 0.0, 0.0, 0.0, 0.0, 0.0, 0.0, 0.0, 0.0, 0.0, 0.0, 0.0, 0.0, 0.0, 0.0, 0.0, 0.0, 0.0, 0.0, 0.0, 0.0, 0.0, 0.0, 0.0, 0.0, 0.0, 0.0, 0.0, 0.0, 0.0, 0.0, 0.0, 0.0, 0.0, 0.0, 0.0, 0.0, 0.0, 0.0, 0.0, 0.0, 0.0, 0.0, 0.0, 0.0, 0.0, 0.0, 0.0, 0.0, 0.0, 0.0, 0.0, 0.0, 0.0, 0.0, 0.0, 0.0, 0.0, 0.0, 0.0, 0.0, 0.0, 0.0, 0.0, 0.0, 0.0, 0.0, 0.0, 0.0, 0.0, 0.0, 0.0, 0.0, 0.0, 0.0, 0.0, 0.0, 0.0, 0.0, 0.0, 0.0, 0.0, 0.0, 0.0, 0.0, 0.0, 0.0, 0.0, 0.0, 0.0, 0.0, 0.0, 0.0, 0.0, 0.0], [0.28, 0.43, 0.26, 0.03, 0.0, 0.0, 0.0, 0.0, 0.0, 0.0], [0.72, 0.28, 0.0]
Epoch 5, 0.457, 0.18954, 0.153, 12281.93, 15.000, 2.075, 0.878, [0.0, 0.73, 0.1, 0.13, 0.01, 0.0, 0.0, 0.02, 0.0, 0.0, 0.0, 0.0, 0.0, 0.0], [0.0, 0.99, 0.0], [0, 0, 0, 0], [1, 0, 0], [0.02, 0.03, 0.03, 0.02, 0.02, 0.02, 0.05, 0.06, 0.05, 0.04, 0.03, 0.03, 0.03, 0.04, 0.02, 0.02, 0.04, 0.03, 0.04, 0.03, 0.04, 0.03, 0.04, 0.04, 0.03, 0.03, 0.03, 0.02, 0.02, 0.02, 0.02, 0.02, 0.01, 0.0, 0.0, 0.0, 0.0, 0.0, 0.0, 0.0, 0.0, 0.0, 0.0, 0.0, 0.0, 0.0, 0.0, 0.0, 0.0, 0.0, 0.0, 0.0, 0.0, 0.0, 0.0, 0.0, 0.0, 0.0, 0.0, 0.0, 0.0, 0.0, 0.0, 0.0, 0.0, 0.0, 0.0, 0.0, 0.0, 0.0, 0.0, 0.0, 0.0, 0.0, 0.0, 0.0, 0.0, 0.0, 0.0, 0.0, 0.0, 0.0, 0.0, 0.0, 0.0, 0.0, 0.0, 0.0, 0.0, 0.0, 0.0, 0.0, 0.0, 0.0, 0.0, 0.0, 0.0, 0.0, 0.0, 0.0, 0.0, 0.0, 0.0, 0.0, 0.0, 0.0, 0.0, 0.0, 0.0, 0.0, 0.0, 0.0, 0.0, 0.0, 0.0, 0.0, 0.0, 0.0, 0.0, 0.0, 0.0, 0.0, 0.0, 0.0, 0.0, 0.0, 0.0, 0.0, 0.0, 0.0, 0.0, 0.0, 0.0, 0.0, 0.0, 0.0, 0.0, 0.0, 0.0, 0.0, 0.0, 0.0, 0.0, 0.0, 0.0, 0.0, 0.0, 0.0, 0.0, 0.0, 0.0, 0.0, 0.0], [0.27, 0.43, 0.26, 0.03, 0.0, 0.0, 0.0, 0.0, 0.0, 0.0], [0.72, 0.28, 0.0]
Epoch 10, 0.400, 0.32579, 0.442, 23346.28, 25.536, 2.118, 0.968, [0.0, 0.74, 0.1, 0.13, 0.01, 0.0, 0.0, 0.02, 0.01, 0.0, 0.0, 0.0, 0.0, 0.0], [0.0, 0.99, 0.0], [0, 0, 0, 0], [1, 0, 0], [0.0, 0.0, 0.02, 0.01, 0.02, 0.01, 0.01, 0.02, 0.01, 0.02, 0.03, 0.02, 0.02, 0.02, 0.01, 0.01, 0.01, 0.01, 0.02, 0.02, 0.04, 0.03, 0.03, 0.04, 0.03, 0.04, 0.04, 0.03, 0.03, 0.03, 0.03, 0.03, 0.03, 0.03, 0.02, 0.03, 0.03, 0.02, 0.03, 0.02, 0.03, 0.02, 0.01, 0.02, 0.02, 0.01, 0.01, 0.0, 0.0, 0.0, 0.0, 0.0, 0.0, 0.0, 0.0, 0.0, 0.0, 0.0, 0.0, 0.0, 0.0, 0.0, 0.0, 0.0, 0.0, 0.0, 0.0, 0.0, 0.0, 0.0, 0.0, 0.0, 0.0, 0.0, 0.0, 0.0, 0.0, 0.0, 0.0, 0.0, 0.0, 0.0, 0.0, 0.0, 0.0, 0.0, 0.0, 0.0, 0.0, 0.0, 0.0, 0.0, 0.0, 0.0, 0.0, 0.0, 0.0, 0.0, 0.0, 0.0, 0.0, 0.0, 0.0, 0.0, 0.0, 0.0, 0.0, 0.0, 0.0, 0.0, 0.0, 0.0, 0.0, 0.0, 0.0, 0.0, 0.0, 0.0, 0.0, 0.0, 0.0, 0.0, 0.0, 0.0, 0.0, 0.0, 0.0, 0.0, 0.0, 0.0, 0.0, 0.0, 0.0, 0.0, 0.0, 0.0, 0.0, 0.0, 0.0, 0.0, 0.0, 0.0, 0.0, 0.0, 0.0, 0.0, 0.0, 0.0, 0.0, 0.0, 0.0, 0.0, 0.0], [0.23, 0.46, 0.29, 0.02, 0.0, 0.0, 0.0, 0.0, 0.0, 0.0], [0.71, 0.29, 0.0]
Epoch 10, 0.411, 0.31731, 0.416, 23620.61, 24.757, 2.113, 0.974, [0.0, 0.74, 0.09, 0.13, 0.01, 0.0, 0.0, 0.02, 0.01, 0.0, 0.0, 0.0, 0.0, 0.0], [0.0, 0.99, 0.0], [0, 0, 0, 0], [1, 0, 0], [0.0, 0.0, 0.01, 0.01, 0.02, 0.01, 0.01, 0.01, 0.02, 0.02, 0.04, 0.02, 0.02, 0.01, 0.01, 0.02, 0.01, 0.01, 0.02, 0.03, 0.03, 0.02, 0.03, 0.03, 0.03, 0.03, 0.04, 0.03, 0.04, 0.03, 0.03, 0.04, 0.03, 0.03, 0.03, 0.03, 0.02, 0.02, 0.02, 0.02, 0.03, 0.01, 0.02, 0.02, 0.02, 0.01, 0.01, 0.0, 0.0, 0.0, 0.0, 0.0, 0.0, 0.0, 0.0, 0.0, 0.0, 0.0, 0.0, 0.0, 0.0, 0.0, 0.0, 0.0, 0.0, 0.0, 0.0, 0.0, 0.0, 0.0, 0.0, 0.0, 0.0, 0.0, 0.0, 0.0, 0.0, 0.0, 0.0, 0.0, 0.0, 0.0, 0.0, 0.0, 0.0, 0.0, 0.0, 0.0, 0.0, 0.0, 0.0, 0.0, 0.0, 0.0, 0.0, 0.0, 0.0, 0.0, 0.0, 0.0, 0.0, 0.0, 0.0, 0.0, 0.0, 0.0, 0.0, 0.0, 0.0, 0.0, 0.0, 0.0, 0.0, 0.0, 0.0, 0.0, 0.0, 0.0, 0.0, 0.0, 0.0, 0.0, 0.0, 0.0, 0.0, 0.0, 0.0, 0.0, 0.0, 0.0, 0.0, 0.0, 0.0, 0.0, 0.0, 0.0, 0.0, 0.0, 0.0, 0.0, 0.0, 0.0, 0.0, 0.0, 0.0, 0.0, 0.0, 0.0, 0.0, 0.0, 0.0, 0.0, 0.0], [0.23, 0.46, 0.29, 0.02, 0.0, 0.0, 0.0, 0.0, 0.0, 0.0], [0.72, 0.28, 0.0]
Epoch 10, 0.436, 0.39535, 0.387, 23903.5, 25.169, 2.117, 0.970, [0.0, 0.74, 0.1, 0.13, 0.01, 0.0, 0.0, 0.02, 0.0, 0.0, 0.0, 0.0, 0.0, 0.0], [0.0, 0.99, 0.0], [0, 0, 0, 0], [1, 0, 0], [0.0, 0.0, 0.02, 0.01, 0.02, 0.0, 0.02, 0.02, 0.02, 0.02, 0.03, 0.01, 0.02, 0.02, 0.01, 0.02, 0.01, 0.01, 0.02, 0.03, 0.03, 0.04, 0.03, 0.03, 0.02, 0.03, 0.02, 0.03, 0.03, 0.03, 0.03, 0.03, 0.03, 0.03, 0.02, 0.03, 0.02, 0.02, 0.02, 0.02, 0.02, 0.01, 0.01, 0.02, 0.03, 0.01, 0.01, 0.01, 0.0, 0.0, 0.0, 0.0, 0.0, 0.0, 0.0, 0.0, 0.0, 0.0, 0.0, 0.0, 0.0, 0.0, 0.0, 0.0, 0.0, 0.0, 0.0, 0.0, 0.0, 0.0, 0.0, 0.0, 0.0, 0.0, 0.0, 0.0, 0.0, 0.0, 0.0, 0.0, 0.0, 0.0, 0.0, 0.0, 0.0, 0.0, 0.0, 0.0, 0.0, 0.0, 0.0, 0.0, 0.0, 0.0, 0.0, 0.0, 0.0, 0.0, 0.0, 0.0, 0.0, 0.0, 0.0, 0.0, 0.0, 0.0, 0.0, 0.0, 0.0, 0.0, 0.0, 0.0, 0.0, 0.0, 0.0, 0.0, 0.0, 0.0, 0.0, 0.0, 0.0, 0.0, 0.0, 0.0, 0.0, 0.0, 0.0, 0.0, 0.0, 0.0, 0.0, 0.0, 0.0, 0.0, 0.0, 0.0, 0.0, 0.0, 0.0, 0.0, 0.0, 0.0, 0.0, 0.0, 0.0, 0.0, 0.0, 0.0, 0.0, 0.0, 0.0, 0.0, 0.0], [0.23, 0.46, 0.29, 0.02, 0.0, 0.0, 0.0, 0.0, 0.0, 0.0], [0.71, 0.28, 0.0]
Epoch 10, 0.382, 0.27431, 0.401, 24186.7, 25.733, 2.114, 0.975, [0.0, 0.74, 0.09, 0.13, 0.01, 0.0, 0.0, 0.02, 0.0, 0.0, 0.0, 0.0, 0.0, 0.0], [0.0, 0.99, 0.0], [0, 0, 0, 0], [1, 0, 0], [0.0, 0.0, 0.01, 0.01, 0.02, 0.01, 0.01, 0.02, 0.02, 0.03, 0.02, 0.03, 0.02, 0.01, 0.01, 0.01, 0.01, 0.01, 0.02, 0.02, 0.02, 0.02, 0.03, 0.03, 0.03, 0.02, 0.04, 0.03, 0.03, 0.02, 0.03, 0.03, 0.03, 0.04, 0.02, 0.03, 0.02, 0.02, 0.03, 0.02, 0.03, 0.03, 0.02, 0.02, 0.02, 0.01, 0.03, 0.0, 0.0, 0.0, 0.0, 0.0, 0.0, 0.0, 0.0, 0.0, 0.0, 0.0, 0.0, 0.0, 0.0, 0.0, 0.0, 0.0, 0.0, 0.0, 0.0, 0.0, 0.0, 0.0, 0.0, 0.0, 0.0, 0.0, 0.0, 0.0, 0.0, 0.0, 0.0, 0.0, 0.0, 0.0, 0.0, 0.0, 0.0, 0.0, 0.0, 0.0, 0.0, 0.0, 0.0, 0.0, 0.0, 0.0, 0.0, 0.0, 0.0, 0.0, 0.0, 0.0, 0.0, 0.0, 0.0, 0.0, 0.0, 0.0, 0.0, 0.0, 0.0, 0.0, 0.0, 0.0, 0.0, 0.0, 0.0, 0.0, 0.0, 0.0, 0.0, 0.0, 0.0, 0.0, 0.0, 0.0, 0.0, 0.0, 0.0, 0.0, 0.0, 0.0, 0.0, 0.0, 0.0, 0.0, 0.0, 0.0, 0.0, 0.0, 0.0, 0.0, 0.0, 0.0, 0.0, 0.0, 0.0, 0.0, 0.0, 0.0, 0.0, 0.0, 0.0, 0.0, 0.0], [0.23, 0.45, 0.29, 0.02, 0.0, 0.0, 0.0, 0.0, 0.0, 0.0], [0.72, 0.28, 0.0]
Epoch 10, 0.423, 0.35208, 0.409, 24453.06, 24.465, 2.114, 0.972, [0.0, 0.74, 0.1, 0.13, 0.01, 0.0, 0.0, 0.02, 0.01, 0.0, 0.0, 0.0, 0.0, 0.0], [0.0, 0.99, 0.0], [0, 0, 0, 0], [1, 0, 0], [0.0, 0.0, 0.01, 0.01, 0.02, 0.01, 0.02, 0.02, 0.02, 0.03, 0.03, 0.01, 0.02, 0.02, 0.01, 0.01, 0.01, 0.01, 0.02, 0.02, 0.02, 0.03, 0.04, 0.05, 0.03, 0.05, 0.04, 0.04, 0.03, 0.03, 0.03, 0.03, 0.04, 0.03, 0.02, 0.03, 0.02, 0.02, 0.02, 0.02, 0.02, 0.01, 0.02, 0.02, 0.01, 0.01, 0.0, 0.0, 0.0, 0.0, 0.0, 0.0, 0.0, 0.0, 0.0, 0.0, 0.0, 0.0, 0.0, 0.0, 0.0, 0.0, 0.0, 0.0, 0.0, 0.0, 0.0, 0.0, 0.0, 0.0, 0.0, 0.0, 0.0, 0.0, 0.0, 0.0, 0.0, 0.0, 0.0, 0.0, 0.0, 0.0, 0.0, 0.0, 0.0, 0.0, 0.0, 0.0, 0.0, 0.0, 0.0, 0.0, 0.0, 0.0, 0.0, 0.0, 0.0, 0.0, 0.0, 0.0, 0.0, 0.0, 0.0, 0.0, 0.0, 0.0, 0.0, 0.0, 0.0, 0.0, 0.0, 0.0, 0.0, 0.0, 0.0, 0.0, 0.0, 0.0, 0.0, 0.0, 0.0, 0.0, 0.0, 0.0, 0.0, 0.0, 0.0, 0.0, 0.0, 0.0, 0.0, 0.0, 0.0, 0.0, 0.0, 0.0, 0.0, 0.0, 0.0, 0.0, 0.0, 0.0, 0.0, 0.0, 0.0, 0.0, 0.0, 0.0, 0.0, 0.0, 0.0, 0.0, 0.0], [0.23, 0.46, 0.29, 0.02, 0.0, 0.0, 0.0, 0.0, 0.0, 0.0], [0.71, 0.29, 0.0]
Epoch 10, 0.413, 0.34293, 0.417, 24734.25, 25.173, 2.113, 0.978, [0.0, 0.74, 0.09, 0.13, 0.01, 0.0, 0.0, 0.02, 0.0, 0.0, 0.0, 0.0, 0.0, 0.0], [0.0, 0.99, 0.0], [0, 0, 0, 0], [1, 0, 0], [0.0, 0.0, 0.01, 0.0, 0.01, 0.0, 0.01, 0.02, 0.02, 0.02, 0.03, 0.03, 0.02, 0.01, 0.02, 0.02, 0.02, 0.02, 0.02, 0.02, 0.03, 0.03, 0.03, 0.03, 0.03, 0.03, 0.03, 0.03, 0.03, 0.04, 0.03, 0.03, 0.03, 0.03, 0.03, 0.03, 0.02, 0.02, 0.02, 0.01, 0.02, 0.02, 0.01, 0.03, 0.02, 0.02, 0.02, 0.01, 0.0, 0.0, 0.0, 0.0, 0.0, 0.0, 0.0, 0.0, 0.0, 0.0, 0.0, 0.0, 0.0, 0.0, 0.0, 0.0, 0.0, 0.0, 0.0, 0.0, 0.0, 0.0, 0.0, 0.0, 0.0, 0.0, 0.0, 0.0, 0.0, 0.0, 0.0, 0.0, 0.0, 0.0, 0.0, 0.0, 0.0, 0.0, 0.0, 0.0, 0.0, 0.0, 0.0, 0.0, 0.0, 0.0, 0.0, 0.0, 0.0, 0.0, 0.0, 0.0, 0.0, 0.0, 0.0, 0.0, 0.0, 0.0, 0.0, 0.0, 0.0, 0.0, 0.0, 0.0, 0.0, 0.0, 0.0, 0.0, 0.0, 0.0, 0.0, 0.0, 0.0, 0.0, 0.0, 0.0, 0.0, 0.0, 0.0, 0.0, 0.0, 0.0, 0.0, 0.0, 0.0, 0.0, 0.0, 0.0, 0.0, 0.0, 0.0, 0.0, 0.0, 0.0, 0.0, 0.0, 0.0, 0.0, 0.0, 0.0, 0.0, 0.0, 0.0, 0.0, 0.0], [0.23, 0.46, 0.29, 0.02, 0.0, 0.0, 0.0, 0.0, 0.0, 0.0], [0.71, 0.28, 0.0]
Epoch 10, 0.422, 0.3425, 0.4, 25001.92, 24.244, 2.115, 0.975, [0.0, 0.74, 0.1, 0.13, 0.01, 0.0, 0.0, 0.02, 0.01, 0.0, 0.0, 0.0, 0.0, 0.0], [0.0, 0.99, 0.0], [0, 0, 0, 0], [1, 0, 0], [0.0, 0.0, 0.01, 0.01, 0.02, 0.01, 0.01, 0.01, 0.02, 0.03, 0.05, 0.02, 0.02, 0.01, 0.01, 0.02, 0.02, 0.02, 0.02, 0.02, 0.03, 0.03, 0.04, 0.04, 0.04, 0.03, 0.03, 0.04, 0.03, 0.03, 0.03, 0.03, 0.02, 0.04, 0.03, 0.02, 0.02, 0.02, 0.01, 0.02, 0.03, 0.01, 0.02, 0.02, 0.01, 0.01, 0.0, 0.0, 0.0, 0.0, 0.0, 0.0, 0.0, 0.0, 0.0, 0.0, 0.0, 0.0, 0.0, 0.0, 0.0, 0.0, 0.0, 0.0, 0.0, 0.0, 0.0, 0.0, 0.0, 0.0, 0.0, 0.0, 0.0, 0.0, 0.0, 0.0, 0.0, 0.0, 0.0, 0.0, 0.0, 0.0, 0.0, 0.0, 0.0, 0.0, 0.0, 0.0, 0.0, 0.0, 0.0, 0.0, 0.0, 0.0, 0.0, 0.0, 0.0, 0.0, 0.0, 0.0, 0.0, 0.0, 0.0, 0.0, 0.0, 0.0, 0.0, 0.0, 0.0, 0.0, 0.0, 0.0, 0.0, 0.0, 0.0, 0.0, 0.0, 0.0, 0.0, 0.0, 0.0, 0.0, 0.0, 0.0, 0.0, 0.0, 0.0, 0.0, 0.0, 0.0, 0.0, 0.0, 0.0, 0.0, 0.0, 0.0, 0.0, 0.0, 0.0, 0.0, 0.0, 0.0, 0.0, 0.0, 0.0, 0.0, 0.0, 0.0, 0.0, 0.0, 0.0, 0.0, 0.0], [0.22, 0.46, 0.29, 0.02, 0.0, 0.0, 0.0, 0.0, 0.0, 0.0], [0.71, 0.29, 0.0]
Epoch 10, 0.433, 0.35135, 0.37, 25274.71, 24.349, 2.109, 0.976, [0.0, 0.74, 0.1, 0.13, 0.01, 0.0, 0.0, 0.02, 0.01, 0.0, 0.0, 0.0, 0.0, 0.0], [0.0, 0.99, 0.0], [0, 0, 0, 0], [1, 0, 0], [0.0, 0.0, 0.01, 0.01, 0.02, 0.01, 0.02, 0.01, 0.03, 0.04, 0.03, 0.02, 0.02, 0.01, 0.01, 0.01, 0.02, 0.02, 0.03, 0.02, 0.03, 0.04, 0.04, 0.03, 0.02, 0.03, 0.03, 0.04, 0.03, 0.03, 0.02, 0.02, 0.03, 0.04, 0.02, 0.03, 0.02, 0.02, 0.02, 0.02, 0.02, 0.01, 0.02, 0.02, 0.02, 0.01, 0.01, 0.0, 0.0, 0.0, 0.0, 0.0, 0.0, 0.0, 0.0, 0.0, 0.0, 0.0, 0.0, 0.0, 0.0, 0.0, 0.0, 0.0, 0.0, 0.0, 0.0, 0.0, 0.0, 0.0, 0.0, 0.0, 0.0, 0.0, 0.0, 0.0, 0.0, 0.0, 0.0, 0.0, 0.0, 0.0, 0.0, 0.0, 0.0, 0.0, 0.0, 0.0, 0.0, 0.0, 0.0, 0.0, 0.0, 0.0, 0.0, 0.0, 0.0, 0.0, 0.0, 0.0, 0.0, 0.0, 0.0, 0.0, 0.0, 0.0, 0.0, 0.0, 0.0, 0.0, 0.0, 0.0, 0.0, 0.0, 0.0, 0.0, 0.0, 0.0, 0.0, 0.0, 0.0, 0.0, 0.0, 0.0, 0.0, 0.0, 0.0, 0.0, 0.0, 0.0, 0.0, 0.0, 0.0, 0.0, 0.0, 0.0, 0.0, 0.0, 0.0, 0.0, 0.0, 0.0, 0.0, 0.0, 0.0, 0.0, 0.0, 0.0, 0.0, 0.0, 0.0, 0.0, 0.0], [0.23, 0.45, 0.29, 0.02, 0.0, 0.0, 0.0, 0.0, 0.0, 0.0], [0.71, 0.29, 0.0]
Epoch 10, 0.446, 0.32924, 0.407, 25533.1, 23.298, 2.113, 0.974, [0.0, 0.74, 0.1, 0.13, 0.01, 0.0, 0.0, 0.02, 0.01, 0.0, 0.0, 0.0, 0.0, 0.0], [0.0, 0.99, 0.0], [0, 0, 0, 0], [1, 0, 0], [0.0, 0.0, 0.01, 0.01, 0.02, 0.01, 0.01, 0.02, 0.03, 0.03, 0.05, 0.02, 0.02, 0.01, 0.02, 0.02, 0.02, 0.02, 0.03, 0.01, 0.03, 0.04, 0.03, 0.03, 0.03, 0.03, 0.03, 0.02, 0.03, 0.04, 0.03, 0.03, 0.03, 0.04, 0.03, 0.02, 0.02, 0.01, 0.02, 0.02, 0.02, 0.02, 0.02, 0.01, 0.01, 0.0, 0.0, 0.0, 0.0, 0.0, 0.0, 0.0, 0.0, 0.0, 0.0, 0.0, 0.0, 0.0, 0.0, 0.0, 0.0, 0.0, 0.0, 0.0, 0.0, 0.0, 0.0, 0.0, 0.0, 0.0, 0.0, 0.0, 0.0, 0.0, 0.0, 0.0, 0.0, 0.0, 0.0, 0.0, 0.0, 0.0, 0.0, 0.0, 0.0, 0.0, 0.0, 0.0, 0.0, 0.0, 0.0, 0.0, 0.0, 0.0, 0.0, 0.0, 0.0, 0.0, 0.0, 0.0, 0.0, 0.0, 0.0, 0.0, 0.0, 0.0, 0.0, 0.0, 0.0, 0.0, 0.0, 0.0, 0.0, 0.0, 0.0, 0.0, 0.0, 0.0, 0.0, 0.0, 0.0, 0.0, 0.0, 0.0, 0.0, 0.0, 0.0, 0.0, 0.0, 0.0, 0.0, 0.0, 0.0, 0.0, 0.0, 0.0, 0.0, 0.0, 0.0, 0.0, 0.0, 0.0, 0.0, 0.0, 0.0, 0.0, 0.0, 0.0, 0.0, 0.0, 0.0, 0.0, 0.0], [0.23, 0.46, 0.29, 0.02, 0.0, 0.0, 0.0, 0.0, 0.0, 0.0], [0.71, 0.29, 0.0]
Epoch 10, 0.418, 0.32208, 0.385, 25797.6, 23.838, 2.104, 0.967, [0.0, 0.74, 0.1, 0.13, 0.01, 0.0, 0.0, 0.02, 0.01, 0.0, 0.0, 0.0, 0.0, 0.0], [0.0, 0.99, 0.0], [0, 0, 0, 0], [1, 0, 0], [0.0, 0.0, 0.01, 0.01, 0.03, 0.0, 0.02, 0.02, 0.02, 0.03, 0.04, 0.02, 0.02, 0.02, 0.01, 0.02, 0.01, 0.01, 0.03, 0.03, 0.03, 0.03, 0.03, 0.04, 0.02, 0.03, 0.04, 0.03, 0.03, 0.04, 0.03, 0.03, 0.03, 0.03, 0.01, 0.03, 0.02, 0.01, 0.01, 0.02, 0.03, 0.01, 0.02, 0.01, 0.02, 0.01, 0.0, 0.0, 0.0, 0.0, 0.0, 0.0, 0.0, 0.0, 0.0, 0.0, 0.0, 0.0, 0.0, 0.0, 0.0, 0.0, 0.0, 0.0, 0.0, 0.0, 0.0, 0.0, 0.0, 0.0, 0.0, 0.0, 0.0, 0.0, 0.0, 0.0, 0.0, 0.0, 0.0, 0.0, 0.0, 0.0, 0.0, 0.0, 0.0, 0.0, 0.0, 0.0, 0.0, 0.0, 0.0, 0.0, 0.0, 0.0, 0.0, 0.0, 0.0, 0.0, 0.0, 0.0, 0.0, 0.0, 0.0, 0.0, 0.0, 0.0, 0.0, 0.0, 0.0, 0.0, 0.0, 0.0, 0.0, 0.0, 0.0, 0.0, 0.0, 0.0, 0.0, 0.0, 0.0, 0.0, 0.0, 0.0, 0.0, 0.0, 0.0, 0.0, 0.0, 0.0, 0.0, 0.0, 0.0, 0.0, 0.0, 0.0, 0.0, 0.0, 0.0, 0.0, 0.0, 0.0, 0.0, 0.0, 0.0, 0.0, 0.0, 0.0, 0.0, 0.0, 0.0, 0.0, 0.0], [0.24, 0.45, 0.29, 0.02, 0.0, 0.0, 0.0, 0.0, 0.0, 0.0], [0.72, 0.28, 0.0]
